Name,Group,Sub Time,Sub Count
Zaynah Santos,T01,Nov-13-2020 9:24:04 pm +08,1
Samuel Flowers,T02,Nov-15-2020 7:58:15 pm +08,1
Donald Correa,T01,Nov-15-2020 11:52:11 am +08,6
Izabel Barnes,T03,Nov-15-2020 8:37:35 pm +08,1
Ailsa Yoder,T01,Nov-15-2020 2:00:24 pm +08,3
Oskar Buchanan,T03,Nov-15-2020 1:38:20 pm +08,8
Nojus Walmsley,T03,Nov-15-2020 11:40:05 pm +08,1
Arbaaz Reilly,T03,Nov-14-2020 6:38:35 pm +08,3
Alesha Walker,T01,Nov-15-2020 5:57:14 pm +08,1
Anisah Wells,T02,Nov-15-2020 8:40:09 pm +08,1
Sammy Mcdermott,T03,Nov-15-2020 12:11:39 pm +08,1
Dhruv Mcmahon,T03,Nov-15-2020 12:55:34 pm +08,1
Luci Snyder,T01,Nov-15-2020 12:24:16 pm +08,2
Zephaniah Allman,T01,Nov-15-2020 4:49:52 pm +08,1
Kaci Blackburn,T02,Nov-15-2020 1:16:01 am +08,9
Aleksander Tucker,T02,Nov-15-2020 9:56:33 pm +08,1
Jacques Maxwell,T02,Nov-15-2020 11:29:09 pm +08,2
Sylvie Irving,T03,Nov-15-2020 2:15:34 pm +08,1
Ayaz Hall,T01,Nov-14-2020 11:32:28 pm +08,2
Raiden Harris,T02,Nov-15-2020 3:03:47 am +08,5
Kishan Cobb,T02,Nov-13-2020 10:59:29 pm +08,1
Tonicha Draper,T02,Nov-14-2020 11:52:49 pm +08,4
Wilfred Wiley,T01,Nov-15-2020 9:20:18 am +08,1
Mildred Morris,T01,Nov-15-2020 10:56:09 am +08,1
Vicki Lacey,T02,Nov-15-2020 2:29:27 pm +08,1
Tia Pate,T01,Nov-15-2020 12:02:36 pm +08,1
Heidi Hensley,T02,Nov-15-2020 11:53:57 pm +08,3
Dominika Dejesus,T03,Nov-15-2020 1:30:54 am +08,3
Sullivan Greene,T03,Nov-15-2020 7:43:13 pm +08,1
Aimee Duncan,T02,Nov-15-2020 10:24:17 pm +08,1
Faye Hackett,T01,Nov-14-2020 1:27:27 pm +08,3
Zishan Salinas,T01,Nov-15-2020 7:00:32 pm +08,1
Bertie Knox,T02,Nov-15-2020 10:51:48 am +08,8
Colette Mccray,T01,Nov-15-2020 4:53:00 am +08,2
John-Paul Phillips,T03,Nov-15-2020 8:06:01 pm +08,1
Ishaaq Munoz,T03,Nov-15-2020 2:32:22 am +08,1
Elwood Cresswell,T03,Nov-14-2020 8:15:47 pm +08,2
Sebastien Wade,T03,Nov-14-2020 11:59:31 pm +08,1
Ashwin Macdonald,T01,Nov-15-2020 2:39:28 am +08,2